City_ID,City,Lat,Lng,Max Temp,Humidity,Cloudiness,Wind Speed,Country,Date
0,enewetak,11.3474,162.3373,26.79,77,100,9.64,MH,1707332388
1,inari,68.906,27.0288,-21.69,100,100,1.11,FI,1707332388
2,iqaluit,63.7506,-68.5145,-20.15,59,75,2.57,CA,1707332388
3,dobrinka,52.1653,40.4731,-0.1,100,100,8.22,RU,1707332388
4,adamstown,-25.066,-130.1015,24.59,87,100,6.62,PN,1707332388
5,albany,42.6001,-73.9662,6.24,53,38,1.6,US,1707332145
6,boguchany,58.3814,97.4531,-15.08,100,94,0.89,RU,1707332388
7,whitehorse,60.7161,-135.0538,-22.57,77,75,0.0,CA,1707332198
8,luba,3.4568,8.5547,27.5,82,100,3.58,GQ,1707332388
9,atasu,48.6814,71.6433,-5.23,92,92,8.2,KZ,1707332388
10,borba,-4.3878,-59.5939,31.14,63,100,0.42,BR,1707332388
11,concordia,-31.393,-58.0209,40.44,35,8,3.13,AR,1707332389
12,dryden,49.7833,-92.7503,4.16,70,75,4.63,CA,1707332389
13,ribeira grande,38.5167,-28.7,17.22,82,20,9.26,PT,1707332389
14,mashtul as suq,30.3606,31.3776,18.48,59,0,3.23,EG,1707332389
15,bilibino,68.0546,166.4372,-34.71,100,99,0.43,RU,1707332389
16,chonchi,-42.6128,-73.8092,20.07,43,31,1.87,CL,1707332389
17,hawaiian paradise park,19.5933,-154.9731,22.16,93,100,1.84,US,1707332389
18,umluj,25.0213,37.2685,23.17,38,0,5.63,SA,1707332389
19,novo aripuana,-5.1206,-60.3797,31.92,58,100,1.35,BR,1707332389
20,mana,5.6592,-53.7767,28.87,67,27,5.96,GF,1707332389
21,kiunga,-6.1219,141.2906,22.03,98,100,0.78,PG,1707332389
22,longmen,24.9597,118.0889,9.34,97,100,1.69,CN,1707332389
23,puerto natales,-51.7236,-72.4875,12.25,47,75,11.32,CL,1707332389
24,banjarmasin,-3.3244,114.591,26.08,96,99,0.34,ID,1707332293
25,waitangi,-43.9535,-176.5597,16.57,96,100,0.89,NZ,1707332389
26,formosa do rio preto,-11.0483,-45.1931,33.41,38,100,0.85,BR,1707332389
27,yellowknife,62.456,-114.3525,-16.99,95,75,2.57,CA,1707332224
28,happy valley-goose bay,53.3168,-60.3315,-3.83,46,75,3.6,CA,1707332187
29,mili,6.0815,171.735,27.72,73,100,10.5,MH,1707332390
30,vilyuchinsk,52.9306,158.4028,-6.71,91,100,2.18,RU,1707332204
31,waingapu,-9.6567,120.2641,25.63,83,95,2.89,ID,1707332390
32,isangel,-19.55,169.2667,25.57,81,100,5.6,VU,1707332390
33,grytviken,-54.2811,-36.5092,11.6,76,100,7.56,GS,1707332390
34,arraial do cabo,-22.9661,-42.0278,30.98,70,75,6.69,BR,1707332390
35,invercargill,-46.4,168.35,13.34,82,75,5.36,NZ,1707332177
36,huarmey,-10.0681,-78.1522,27.83,69,2,4.93,PE,1707332390
37,port douglas,-16.4833,145.4667,26.27,81,61,1.46,AU,1707332390
38,thompson,55.7435,-97.8558,-16.91,85,100,2.57,CA,1707332390
39,cole harbour,44.6724,-63.4751,-0.04,79,75,3.6,CA,1707332390
40,nar'yan-mar,67.6713,53.087,-23.83,99,100,3.58,RU,1707332390
41,tura,25.5198,90.2201,11.55,42,0,1.17,IN,1707332391
42,mandalgovi,45.7625,106.2708,-21.17,93,13,2.11,MN,1707332391
43,bethel,41.3712,-73.414,8.1,50,0,2.06,US,1707332346
44,port lincoln,-34.7333,135.8667,16.19,78,100,5.45,AU,1707332391
45,port-aux-francais,-49.35,70.2167,4.29,91,96,11.71,TF,1707332152
46,margaret river,-33.95,115.0667,17.88,54,0,4.08,AU,1707332391
47,codrington,-38.2667,141.9667,10.62,89,100,2.81,AU,1707332391
48,afif,23.9065,42.9172,16.39,35,53,6.68,SA,1707332391
49,hotan,37.0997,79.9269,-2.73,68,54,1.03,CN,1707332199
50,nadym,65.5333,72.5167,-2.17,94,100,6.65,RU,1707332391
51,lebu,-37.6167,-73.65,17.05,63,98,8.23,CL,1707332391
52,den burg,53.0542,4.7972,3.99,81,100,0.0,NL,1707332391
53,el calafate,-50.3408,-72.2768,12.24,48,93,7.34,AR,1707332391
54,olonkinbyen,70.9221,-8.7187,-2.9,69,79,8.9,SJ,1707332391
55,igarka,67.4667,86.5833,-16.62,97,100,2.64,RU,1707332391
56,atafu village,-8.5421,-172.5159,28.29,82,100,8.64,TK,1707332392
57,west island,-12.1568,96.8225,25.99,94,100,2.57,CC,1707332392
58,meadow woods,28.3856,-81.3665,21.21,56,0,4.12,US,1707332392
59,hadibu,12.65,54.0333,25.39,66,100,5.4,YE,1707332392
60,nago,26.5881,127.9761,18.47,85,100,5.6,JP,1707332392
61,lupane,-18.9315,27.807,24.55,55,100,1.88,ZW,1707332392
62,contramaestre,20.2978,-76.2414,27.07,35,0,6.09,CU,1707332392
63,saldanha,-33.0117,17.9442,22.03,82,28,2.75,ZA,1707332392
64,isafjordur,66.0755,-23.124,-7.19,78,5,1.63,IS,1707332392
65,gainesville,29.6516,-82.3248,17.64,45,0,3.09,US,1707332131
66,elverum,60.8819,11.5623,-21.25,100,100,1.34,NO,1707332392
67,bengkulu,-3.8004,102.2655,24.47,91,100,1.58,ID,1707332392
68,east london,-33.0153,27.9116,21.52,60,0,4.12,ZA,1707332392
69,hithadhoo,-0.6,73.0833,27.66,77,10,3.83,MV,1707332393
70,prince albert,53.2001,-105.7677,-8.03,93,100,4.12,CA,1707332393
71,jamestown,42.097,-79.2353,10.01,45,0,2.57,US,1707332155
72,lorengau,-2.0226,147.2712,27.26,81,100,10.81,PG,1707332393
73,tari,12.4086,4.4914,25.46,15,5,4.63,NG,1707332393
74,horodok,49.1637,26.5839,8.39,74,100,8.55,UA,1707332393
75,zhangjiakou shi xuanhua qu,40.6103,115.0447,-9.87,79,93,2.03,CN,1707332393
76,malpica,43.3228,-8.8105,16.85,66,100,9.7,ES,1707332393
77,vorgashor,67.5833,63.95,-7.81,88,100,4.99,RU,1707332176
78,rumuruti,0.267,36.5389,18.36,71,16,5.98,KE,1707332393
79,tromso,69.6496,18.957,-6.99,73,20,4.63,NO,1707332393
80,urumqi,43.801,87.6005,-17.47,85,20,1.0,CN,1707332393
81,kailua-kona,19.6406,-155.9956,25.28,77,20,2.06,US,1707331692
82,ndende,-2.4008,11.3581,23.86,96,96,1.91,GA,1707332394
83,ust-nera,64.5667,143.2,-29.96,100,99,0.86,RU,1707332394
84,mineros,-17.1167,-63.2333,36.31,34,81,6.41,BO,1707332394
85,tiksi,71.6872,128.8694,-21.52,99,100,1.94,RU,1707332394
86,hermanus,-34.4187,19.2345,20.45,81,52,4.81,ZA,1707332394
87,arawa,-6.2132,155.5367,25.77,89,100,1.71,PG,1707332394
88,wailua homesteads,22.0669,-159.378,23.19,72,16,3.13,US,1707332394
89,soe,-9.8607,124.284,19.34,92,100,1.71,ID,1707332394
90,nastola,60.95,25.9333,-15.09,99,86,1.72,FI,1707332394
91,udachny,66.4167,112.4,-31.28,100,100,1.2,RU,1707332394
92,qalat,32.1058,66.9083,2.05,49,0,3.53,AF,1707332394
93,dongola,19.1667,30.4833,18.53,21,78,4.76,SD,1707332394
94,selfoss,63.9331,-20.9971,-8.31,82,4,4.54,IS,1707332395
95,ust'-charyshskaya pristan',52.3934,83.6635,-8.41,89,100,2.97,RU,1707332395
96,blackmans bay,-43.0167,147.3167,15.07,74,100,0.4,AU,1707332395
97,hamilton,39.1834,-84.5333,14.58,37,100,0.89,US,1707332395
98,afaahiti,-17.75,-149.2833,27.93,90,100,14.51,PF,1707332395
99,dera bugti,29.0307,69.151,14.24,51,0,2.74,PK,1707332395
100,balsthal,47.3161,7.6932,10.13,84,100,5.76,CH,1707332395
101,hasaki,35.7333,140.8333,-1.78,51,9,2.21,JP,1707332395
102,palikir - national government center,6.9248,158.1611,27.41,78,100,2.06,FM,1707332395
103,edinburgh of the seven seas,-37.0676,-12.3116,17.55,63,23,1.83,SH,1707332395
104,kamina,-8.7386,24.9906,18.76,89,95,1.88,CD,1707332396
105,acapulco de juarez,16.8634,-99.8901,28.88,60,34,4.44,MX,1707332396
106,barra de santo antonio,-9.4047,-35.5072,31.6,67,97,6.31,BR,1707332396
107,aasiaat,68.7098,-52.8699,-12.37,84,100,9.98,GL,1707332396
108,talnakh,69.4865,88.3972,-23.64,86,55,2.15,RU,1707332396
109,tweed heads,-28.1817,153.547,23.87,92,75,4.63,AU,1707332396
110,north bend,43.4065,-124.2243,8.42,93,100,4.63,US,1707332396
111,caleta de carquin,-11.0925,-77.6267,27.31,71,11,5.25,PE,1707332164
112,sekong,-6.3996,106.0252,22.94,95,50,1.26,ID,1707332396
113,nadi,-17.8,177.4167,24.0,94,75,3.09,FJ,1707332341
114,tazacorte,28.629,-17.9293,21.54,46,0,3.09,ES,1707332185
115,kulachi,31.9286,70.4592,13.71,40,0,2.14,PK,1707332396
116,porto novo,6.4965,2.6036,29.9,51,14,2.8,BJ,1707332397
117,kapa'a,22.0752,-159.319,23.94,69,100,7.2,US,1707332165
118,turgen,43.4006,77.5933,0.07,83,100,3.93,KZ,1707332397
119,al kharijah,25.4514,30.5464,16.02,37,0,3.47,EG,1707332397
120,miracema do tocantins,-9.5618,-48.3967,29.99,66,100,0.77,BR,1707332397
121,debark',13.1561,37.8981,12.48,47,47,2.09,ET,1707332397
122,port elizabeth,-33.918,25.5701,21.72,76,0,5.14,ZA,1707332397
123,jiangyou,31.7667,104.7167,3.67,87,65,0.78,CN,1707332397
124,utrik,11.2278,169.8474,26.46,71,100,9.97,MH,1707332397
125,iskateley,67.6803,53.1512,-23.88,99,100,3.58,RU,1707332397
126,mount pearl,47.5166,-52.7813,-0.81,85,100,8.23,CA,1707332397
127,port mathurin,-19.6833,63.4167,26.88,77,49,8.63,MU,1707332117
128,pueblo,38.2545,-104.6091,14.42,41,20,7.2,US,1707332398
129,brookings,44.3114,-96.7984,9.58,83,99,8.7,US,1707332398
130,lihue,21.9789,-159.3672,23.53,72,18,6.88,US,1707332398
131,vadso,70.0744,29.7487,-13.91,85,100,5.14,NO,1707332186
132,buka,40.8108,69.1986,7.77,66,100,2.0,UZ,1707332398
133,kyzylorda,44.8528,65.5092,0.01,86,40,7.0,KZ,1707332231
134,port alfred,-33.5906,26.891,18.43,86,0,4.05,ZA,1707332398
135,bredasdorp,-34.5322,20.0403,19.71,73,1,6.73,ZA,1707332398
136,ingeniero guillermo n. juarez,-23.9,-61.85,40.32,24,83,4.38,AR,1707332398
137,weno,7.4515,151.8468,27.31,76,100,8.64,FM,1707332398
138,ishigaki,24.3448,124.1572,19.07,82,75,8.75,JP,1707332398
139,bonny,4.4522,7.1681,27.53,71,93,5.18,NG,1707332398
140,charcas,23.1333,-101.1167,22.85,11,59,5.18,MX,1707332398
141,longyearbyen,78.2186,15.6401,-6.09,63,40,6.17,SJ,1707332236
142,ushuaia,-54.8,-68.3,15.79,62,40,14.4,AR,1707332399
143,stanley,54.868,-1.6985,1.21,85,20,2.57,GB,1707332159
144,georgetown,5.4112,100.3354,26.96,94,20,1.54,MY,1707332160
145,hami,42.8,93.45,-1.9,48,100,1.22,CN,1707332399
146,manta,-0.95,-80.7333,29.88,83,75,6.71,EC,1707332239
147,minas de marcona,-15.2119,-75.1103,23.33,73,76,5.19,PE,1707332399
148,puerto palomas,31.7667,-107.6167,12.84,31,2,11.17,MX,1707332399
149,mount gambier,-37.8333,140.7667,10.57,90,98,2.23,AU,1707332399
150,lompoc,34.6391,-120.4579,14.23,55,75,7.2,US,1707332399
151,sisimiut,66.9395,-53.6735,-12.72,89,100,10.59,GL,1707332176
152,papatowai,-46.5619,169.4708,11.79,80,96,6.41,NZ,1707332399
153,slave lake,55.2834,-114.769,-7.01,93,100,1.54,CA,1707332399
154,sabang,5.8933,95.3214,27.53,80,27,3.0,ID,1707332399
155,karratha,-20.7377,116.8463,29.05,51,11,3.66,AU,1707332400
156,xianshuigu,38.985,117.3828,0.0,43,20,3.0,CN,1707332400
157,pelabuhanratu,-6.9875,106.5514,24.75,88,25,0.72,ID,1707332400
158,qarqaraly,49.4058,75.4742,-9.01,89,37,5.42,KZ,1707332401
159,punta arenas,-53.15,-70.9167,12.06,50,40,16.46,CL,1707332401
160,manggar,-2.8833,108.2667,26.07,84,100,2.16,ID,1707332402
161,prainha,-1.8,-53.48,35.56,36,54,3.18,BR,1707332404
162,kingston,17.997,-76.7936,27.53,53,20,7.72,JM,1707332404
163,aripuana,-9.1667,-60.6333,31.92,55,100,0.85,BR,1707332405
164,grande prairie,55.1667,-118.8027,-5.9,86,100,0.0,CA,1707331899
165,ezhou,30.4,114.8333,1.83,97,100,1.3,CN,1707332406
166,st. john's,47.5649,-52.7093,-0.34,85,100,8.23,CA,1707332399
167,margate,51.3813,1.3862,5.5,85,100,0.45,GB,1707332227
168,flying fish cove,-10.4217,105.6791,24.82,94,40,0.51,CX,1707332407
169,sarkand,45.41,79.9186,-0.78,84,100,1.22,KZ,1707332408
170,nova sintra,14.8667,-24.7167,21.14,74,0,7.02,CV,1707332409
171,badger,64.8,-147.5333,-14.55,97,100,0.6,US,1707332404
172,paita,-5.0892,-81.1144,28.71,66,58,5.8,PE,1707332410
173,ilulissat,69.2167,-51.1,-4.81,82,100,9.55,GL,1707332410
174,iaciara,-14.0958,-46.6317,29.88,55,100,0.19,BR,1707332411
175,bac lieu,9.285,105.7244,24.95,84,82,3.41,VN,1707332411
176,dudinka,69.4058,86.1778,-19.07,98,81,1.79,RU,1707332412
177,sokoni,-6.4333,39.55,28.37,80,4,6.09,TZ,1707332413
178,tofol,5.3248,163.0078,27.97,72,100,8.26,FM,1707332413
179,canton,23.1167,113.25,9.37,74,100,4.58,CN,1707331810
180,mujiayingzi,42.1167,118.7833,-9.23,45,1,2.48,CN,1707332413
181,saint-philippe,-21.3585,55.7679,26.77,88,86,4.84,RE,1707332414
182,reyes,-14.3167,-67.3833,34.09,59,20,3.09,BO,1707332415
183,gazli,40.1333,63.45,7.69,57,80,4.11,UZ,1707332415
184,sur,22.5667,59.5289,21.31,65,100,2.5,OM,1707332415
185,ancud,-41.8697,-73.8203,15.63,53,21,5.19,CL,1707332415
186,kralendijk,12.15,-68.2667,28.99,70,100,4.63,BQ,1707332415
187,santiago de chuco,-8.15,-78.1833,17.08,60,99,0.3,PE,1707332416
188,anadyr,64.75,177.4833,-17.72,84,100,8.94,RU,1707332416
189,deqen,29.9618,90.7188,-2.36,15,0,2.5,CN,1707332417
190,seven pagodas,12.6264,80.1722,25.05,79,0,1.72,IN,1707332417
191,linxia chengguanzhen,35.6003,103.2064,-6.66,94,72,0.78,CN,1707332417
192,apolinario saravia,-24.4328,-63.9954,39.13,24,97,4.92,AR,1707332417
193,srivardhan,18.0333,73.0167,23.46,70,0,3.14,IN,1707332184
194,polyarnyy,69.1989,33.4478,-23.07,100,91,3.45,RU,1707332166
195,aykhal,66.0,111.5,-30.43,100,70,1.2,RU,1707332418
196,contamana,-7.3333,-75.0167,30.41,68,50,1.89,PE,1707332419
197,purranque,-40.9167,-73.1667,20.16,29,60,2.77,CL,1707332419
198,avarua,-21.2078,-159.775,28.03,78,20,8.23,CK,1707332420
199,saynshand,44.8824,110.1163,-21.67,99,95,1.09,MN,1707332420
200,wynyard,-41.0,145.7167,14.78,78,100,3.45,AU,1707332421
201,kromy,52.6876,35.7667,3.14,86,100,9.35,RU,1707332422
202,pisco,-13.7,-76.2167,27.23,69,0,5.66,PE,1707332422
203,ventspils,57.3894,21.5606,-1.04,69,40,4.63,LV,1707332423
204,amble,55.3333,-1.5833,2.08,75,20,3.6,GB,1707332424
205,valdosta,30.8327,-83.2785,16.62,34,0,4.12,US,1707332334
206,bridgewater,44.3835,-64.5155,0.62,74,100,4.12,CA,1707332425
207,puerto deseado,-47.7503,-65.8938,19.71,32,38,12.81,AR,1707332425
208,el naranjo,21.4667,-98.6,25.25,47,4,3.26,MX,1707332426
209,antofagasta,-23.65,-70.4,25.6,71,6,3.96,CL,1707332427
210,puerto ayora,-0.7393,-90.3518,32.98,77,100,4.94,EC,1707332427
211,bel ombre,-4.6167,55.4167,27.91,83,20,2.06,SC,1707332428
212,lerwick,60.1545,-1.1494,1.0,55,66,6.03,GB,1707332428
213,i-n-salah,27.1935,2.4607,18.77,15,100,4.02,DZ,1707332428
214,ishikawa,26.4233,127.8214,18.41,87,75,5.66,JP,1707332429
215,qaqortoq,60.7167,-46.0333,-6.8,70,100,1.83,GL,1707332153
216,tolanaro,-25.0319,46.9987,24.04,88,75,1.03,MG,1707332429
217,naze,28.3667,129.4833,11.51,85,100,5.27,JP,1707332430
218,baiyin,36.5583,104.2081,-7.59,88,69,1.12,CN,1707332430
219,crane,31.3974,-102.3501,19.0,33,100,8.7,US,1707332430
220,jiehu,35.5428,118.455,-2.6,69,95,1.39,CN,1707332431
221,sodankyla,67.4167,26.6,-20.62,98,100,1.76,FI,1707332431
222,umm kaddadah,13.6017,26.6876,18.37,19,75,5.41,SD,1707332432
223,kohlu,29.8962,69.252,8.85,53,0,0.99,PK,1707332432
224,concepcion,-36.827,-73.0498,26.89,47,0,8.75,CL,1707332422
225,campo belo,-20.8972,-45.2772,25.44,67,100,2.14,BR,1707332392
226,fortuna,40.5982,-124.1573,7.59,97,75,0.45,US,1707332433
227,cambuga,13.6167,122.45,22.21,94,21,1.05,PH,1707332433
228,fort bragg,35.139,-79.006,12.68,35,0,4.12,US,1707332434
229,ardestan,33.3761,52.3694,7.43,43,0,0.61,IR,1707332434
230,cobija,-11.0267,-68.7692,35.1,52,20,4.12,BO,1707332435
231,petropavlovsk-kamchatsky,53.0452,158.6483,-7.53,76,75,4.0,RU,1707332435
232,quellon,-43.1167,-73.6167,14.6,62,98,2.38,CL,1707332435
233,san patricio,28.017,-97.5169,22.92,59,100,9.86,US,1707332436
234,jalai nur,49.45,117.7,-25.25,98,29,1.52,CN,1707332436
235,ursulo galvan,22.7333,-98.3,25.84,55,0,3.89,MX,1707332436
236,alpine,32.835,-116.7664,10.8,93,100,2.06,US,1707332437
237,porto seguro,-16.4497,-39.0647,29.29,74,40,5.66,BR,1707332390
238,coquimbo,-29.9533,-71.3436,20.85,83,75,4.63,CL,1707332437
239,coahuayana de hidalgo,18.7,-103.6583,31.45,45,3,3.43,MX,1707332164
240,carutapera,-1.195,-46.02,29.93,65,100,4.76,BR,1707332438
241,fukuecho,32.6881,128.8419,8.24,59,20,5.71,JP,1707332438
242,klyuchi,52.2667,79.1667,-1.8,95,100,7.91,RU,1707332439
243,spasskoye,44.6108,132.7969,-20.5,95,11,1.79,RU,1707332439
244,magalia,39.8121,-121.5783,3.51,95,100,2.68,US,1707332439
245,akrehamn,59.2667,5.1833,1.34,93,75,4.12,NO,1707332440
246,bardsir,29.9227,56.5743,4.46,22,0,2.17,IR,1707332184
247,kill devil hills,36.0307,-75.676,6.66,78,100,7.72,US,1707332405
248,rzhev,56.2624,34.3282,-8.72,91,100,5.3,RU,1707332440
249,san antonio de pale,-1.4014,5.6325,28.32,76,7,2.39,GQ,1707332440
250,al mawsil al jadidah,36.3346,43.0978,10.5,77,53,1.73,IQ,1707332441
251,kidal,18.4411,1.4078,21.61,9,0,4.65,ML,1707332441
252,vorkuta,67.5,64.0,-8.18,89,100,4.42,RU,1707332441
253,brisas de zicatela,15.8369,-97.0419,28.62,57,4,3.16,MX,1707332442
254,howard springs,-12.497,131.047,24.95,96,100,1.5,AU,1707332162
255,constantia,44.1833,28.65,10.39,62,100,6.4,RO,1707332442
256,xining,36.6167,101.7667,-9.85,94,100,1.05,CN,1707332443
257,laurel,39.0993,-76.8483,11.07,42,0,2.57,US,1707332365
258,east ballina,-28.8667,153.5833,20.44,88,63,6.76,AU,1707332443
259,tazovsky,67.4667,78.7,-17.73,99,99,4.14,RU,1707332443
260,colonia,50.9333,6.95,4.98,89,75,2.57,DE,1707332148
261,mar del plata,-38.0023,-57.5575,31.01,65,0,4.92,AR,1707332356
262,sanchor,24.7553,71.7722,18.86,39,100,5.61,IN,1707332444
263,antsiranana,-12.2787,49.2917,25.77,85,98,2.29,MG,1707332445
264,bamboo flat,11.7,92.7167,24.05,94,20,0.0,IN,1707332445
265,rio grande,-32.035,-52.0986,31.06,64,27,6.45,BR,1707332446
266,pullman,46.7313,-117.1796,5.13,96,100,5.14,US,1707332446
267,boden,65.8252,21.6886,-15.0,99,100,1.1,SE,1707332447
268,ambon,-3.6954,128.1814,24.08,88,40,3.6,ID,1707332447
269,nemuro,43.3236,145.575,-6.51,69,37,0.75,JP,1707332157
270,noble,35.1392,-97.3948,18.25,43,0,9.77,US,1707332447
271,constitucion,-35.3333,-72.4167,23.81,63,31,7.97,CL,1707332424
272,murzuq,25.9155,13.9184,13.07,35,0,1.13,LY,1707332448
273,peace river,56.2501,-117.286,-6.83,79,100,2.57,CA,1707332449
274,ivdel',60.6911,60.4206,-8.23,95,100,4.02,RU,1707332449
275,tanaina,61.6269,-149.4281,-4.21,70,75,3.6,US,1707332449
276,muroto-misakicho,33.2833,134.15,8.71,74,99,6.81,JP,1707332449
277,al khums,32.6486,14.2619,17.04,58,0,3.45,LY,1707332450
278,gemena,3.25,19.7667,26.94,28,8,1.49,CD,1707332451
279,satka,55.0425,59.04,-14.22,99,67,1.42,RU,1707332451
280,ocos,14.5094,-92.1933,32.1,64,54,4.52,GT,1707332451
281,linhares,-19.3911,-40.0722,27.37,81,100,2.41,BR,1707332440
282,nuku'alofa,-21.1333,-175.2,24.19,100,20,2.06,TO,1707332451
283,changping,40.2186,116.2197,-4.2,48,37,3.67,CN,1707332451
284,vilhena,-12.7406,-60.1458,28.57,62,100,1.32,BR,1707332451
285,sydney mines,46.2367,-60.2177,1.06,83,75,5.66,CA,1707332452
286,cativa,9.3606,-79.8436,28.44,75,75,6.26,PA,1707332452
287,ad dawadimi,24.5077,44.3924,14.64,27,5,4.51,SA,1707332452
288,barabai,-2.5833,115.3833,23.19,91,100,0.7,ID,1707332452
289,san luis de la loma,17.2706,-100.8939,29.51,56,35,4.94,MX,1707332452
290,yampil',51.95,33.7833,2.01,88,100,8.8,UA,1707332452
291,rio san juan,19.6439,-70.0763,24.99,62,72,9.46,DO,1707332452
292,berezovyy,51.6667,135.7,-17.57,99,100,0.56,RU,1707332452
293,chibougamau,49.9168,-74.3659,-1.21,80,100,2.57,CA,1707332452
294,yerofey pavlovich,53.9667,121.9667,-23.09,96,82,1.59,RU,1707332452
295,altay,47.8667,88.1167,-10.17,65,14,3.55,CN,1707332452
296,kutum,14.2,24.6667,16.6,20,44,4.59,SD,1707332452
297,plaza huincul,-38.926,-69.2086,32.91,13,100,7.04,AR,1707332429
298,necochea,-38.5473,-58.7368,26.51,70,100,4.26,AR,1707332453
299,tallulah,32.4085,-91.1868,18.03,69,100,2.27,US,1707332453
300,amargosa,-13.0303,-39.6047,31.31,45,100,4.28,BR,1707332453
301,kikwit,-5.041,18.8162,25.18,72,85,0.99,CD,1707332453
302,grand falls-windsor,48.9332,-55.6649,-3.05,90,94,2.82,CA,1707332453
303,ghanzi,-21.5667,21.7833,24.64,52,94,5.61,BW,1707332453
304,vuktyl,63.8567,57.3094,-9.38,94,100,4.02,RU,1707332453
305,tamandare,-8.7597,-35.1047,29.37,63,42,4.65,BR,1707332453
306,saudarkrokur,65.7461,-19.6394,-6.85,77,88,3.54,IS,1707332453
307,ilha de mocambique,-15.0342,40.7358,28.18,82,100,2.81,MZ,1707332453
308,panguma,8.1833,-11.1333,29.04,23,5,0.64,SL,1707332454
309,nejo,9.5,35.5,17.93,60,60,1.16,ET,1707332454
310,kodiak,57.79,-152.4072,1.73,69,100,4.63,US,1707332294
311,nuuk,64.1835,-51.7216,-8.15,96,100,5.64,GL,1707332243
312,san pedro,14.35,121.0167,25.66,83,20,1.79,PH,1707332454
313,kumeny,58.1089,49.9161,-16.33,99,100,2.15,RU,1707332454
314,beyneu,45.3167,55.2,0.56,89,72,3.57,KZ,1707332454
315,dalhart,36.0595,-102.5133,12.5,52,100,10.19,US,1707332454
316,kruisfontein,-34.0033,24.7314,20.49,81,6,5.12,ZA,1707332454
317,baidoa,3.1138,43.6498,28.45,52,39,7.83,SO,1707332454
318,nova vicosa,-17.8919,-39.3719,29.29,67,71,5.09,BR,1707332455
319,ndioum,16.5129,-14.6471,34.94,7,0,4.49,SN,1707332455
320,dharchula,29.85,80.5333,6.56,28,81,3.62,IN,1707332455
321,genhe,50.7833,121.5167,-30.56,100,100,1.02,CN,1707332455
322,nabire,-3.3667,135.4833,25.68,75,100,2.03,ID,1707332455
323,czaplinek,53.5578,16.2333,-0.81,85,100,4.53,PL,1707332388
324,al bawiti,28.3492,28.8659,15.21,40,0,3.3,EG,1707332157
325,bodden town,19.2833,-81.25,25.55,60,20,5.14,KY,1707332455
326,makokou,0.5738,12.8642,26.38,54,2,1.35,GA,1707332455
327,puerto baquerizo moreno,-0.9,-89.6,29.55,74,40,6.17,EC,1707332188
328,bururi,-3.85,29.6333,14.65,92,60,1.44,BI,1707332455
329,sungailiat,-1.85,106.1333,26.27,88,100,3.02,ID,1707332455
330,kantemirovka,49.7089,39.8592,6.06,80,100,9.33,RU,1707332455
331,mamuju,-2.6748,118.8885,25.53,86,100,1.86,ID,1707332345
332,atbasar,51.8,68.3333,-5.8,86,100,11.25,KZ,1707332456
333,morigaon,26.3796,92.3415,15.05,63,53,0.53,IN,1707332456
334,jimeta,9.2833,12.4667,27.48,15,23,1.59,NG,1707332456
335,kerikeri,-35.2268,173.9474,17.17,92,16,1.67,NZ,1707332456
336,praia,14.9215,-23.5087,29.3,39,0,8.23,CV,1707332456
337,box elder,41.5005,-112.8764,3.48,83,100,4.35,US,1707332456
338,college,64.8569,-147.8028,-14.5,82,100,0.71,US,1707332456
339,vernon,50.2581,-119.2691,3.67,96,99,0.51,CA,1707332456
340,'ali al gharbi,32.4633,46.6864,14.78,52,0,6.7,IQ,1707332456
341,behompy,-23.2496,43.8557,24.33,91,29,0.17,MG,1707332457
342,adrar,20.5022,-10.0711,23.02,8,3,4.26,MR,1707332457
343,sinop,41.7711,34.8709,9.56,56,100,3.87,TR,1707332166
344,porto de moz,-1.7483,-52.2383,31.79,52,100,2.09,BR,1707332457
345,uturoa,-16.7333,-151.4333,28.43,86,100,13.75,PF,1707332177
346,chibuto,-24.6867,33.5306,25.98,67,0,4.88,MZ,1707332457
347,carbonear,47.7332,-53.2148,0.06,83,12,7.23,CA,1707332457
348,dom pedrito,-30.9828,-54.6731,34.66,31,91,0.84,BR,1707332457
349,kavieng,-2.5744,150.7967,26.42,90,100,10.37,PG,1707332458
350,bloemhof,-27.6469,25.607,26.85,30,83,4.72,ZA,1707332458
351,pagar alam,-4.0167,103.2667,19.77,95,100,1.51,ID,1707332458
352,yarmouth,41.7057,-70.2286,3.9,82,100,8.49,US,1707332458
353,metlaoui,34.3208,8.4016,15.6,34,0,2.79,TN,1707332458
354,santa cruz,-17.8,-63.1667,33.7,55,40,8.75,BO,1707332458
355,ulsteinvik,62.3432,5.8487,-2.91,77,26,1.34,NO,1707332458
356,nueva esperanza,15.2667,-87.6,24.79,53,51,1.86,HN,1707332458
357,malango,-2.9627,119.9001,19.84,96,100,1.32,ID,1707332458
358,bac kan,22.1333,105.8333,11.39,96,100,1.7,VN,1707332458
359,salekhard,66.53,66.6019,-8.21,96,100,6.36,RU,1707332458
360,udgir,18.3833,77.1167,24.46,38,1,4.04,IN,1707332458
361,acarau,-2.8856,-40.12,30.27,65,14,8.25,BR,1707332458
362,nova olimpia,-14.7972,-57.2881,34.84,42,99,2.35,BR,1707332459
363,siwa oasis,29.2041,25.5195,15.81,47,0,1.42,EG,1707332459
364,ta`u,-14.2336,-169.5144,28.25,84,100,12.0,AS,1707332167
365,geraldton,-28.7667,114.6,21.23,56,0,2.57,AU,1707332459
366,brigantine,39.4101,-74.3646,9.46,64,0,4.12,US,1707332331
367,pailon,-17.65,-62.75,34.5,25,53,6.53,BO,1707332459
368,tutoia,-2.7619,-42.2744,29.92,69,19,7.1,BR,1707332459
369,port augusta,-32.5,137.7667,18.07,60,4,3.76,AU,1707332459
370,kone,-21.0595,164.8658,24.96,91,100,2.1,NC,1707332459
371,barcs,45.96,17.4586,10.82,70,100,5.74,HU,1707332460
372,tshabong,-26.05,22.45,30.51,27,100,5.12,BW,1707332460
373,bubaque,11.2833,-15.8333,26.52,73,81,6.97,GW,1707332460
374,alice springs,-23.7,133.8833,22.34,30,15,3.09,AU,1707332460
375,la mira,18.035,-102.3266,29.64,52,17,4.69,MX,1707332460
376,verkhnevilyuysk,63.4453,120.3167,-38.65,100,88,1.37,RU,1707332460
377,juneau,58.3019,-134.4197,-2.72,100,34,1.71,US,1707332460
378,harstad,68.799,16.5293,-3.25,93,93,9.83,NO,1707332460
379,jiuquan,39.7432,98.5174,-6.34,68,7,0.79,CN,1707332460
380,trabzon,40.9167,39.8333,10.05,54,0,1.03,TR,1707332460
381,zhaoyuan,37.3592,120.3964,-4.15,78,83,1.58,CN,1707332460
382,jutai,-5.1833,-68.9,30.97,69,99,0.76,BR,1707332461
383,kupang,-10.1667,123.5833,26.32,100,100,2.06,ID,1707332461
384,puerto aysen,-45.4,-72.7,12.75,83,94,3.7,CL,1707332461
385,whitburn,54.9533,-1.3686,2.31,82,84,3.5,GB,1707332461
386,villa gesell,-37.2639,-56.973,28.92,59,100,1.99,AR,1707332461
387,ikeja,6.5942,3.3375,29.94,39,14,4.12,NG,1707332461
388,mahanoro,-19.9,48.8,24.26,95,100,2.36,MG,1707332461
389,khandyga,62.6667,135.6,-44.84,100,73,0.57,RU,1707332461
390,aljezur,37.3191,-8.8033,14.32,85,99,3.13,PT,1707332462
391,el-tor,28.2364,33.6254,18.08,48,0,1.03,EG,1707332462
392,aubigny-sur-nere,47.4882,2.439,8.94,84,100,9.02,FR,1707332462
393,fale old settlement,-9.3852,-171.2468,28.63,81,100,9.53,TK,1707332462
394,vila velha,-20.3297,-40.2925,27.97,85,40,3.09,BR,1707332462
395,ambositra,-20.5167,47.25,18.26,93,100,1.43,MG,1707332462
396,papao,-17.75,-149.55,28.82,89,100,15.81,PF,1707332463
397,shitanjing,39.2342,106.3439,-7.76,63,9,0.87,CN,1707332463
398,serhetabat,35.2799,62.3438,10.02,27,6,2.44,TM,1707332463
399,koyulhisar,40.3025,37.8311,3.67,79,51,2.66,TR,1707332463
400,basco,20.4487,121.9702,23.88,78,9,4.68,PH,1707332463
401,skelleftea,64.7507,20.9528,-10.8,92,75,1.54,SE,1707332463
402,anloga,5.7947,0.8973,27.93,60,9,5.21,GH,1707332463
403,inyati,-19.6756,28.8469,24.62,44,99,0.84,ZW,1707332463
404,hammerfest,70.6634,23.6821,-9.75,79,20,3.09,NO,1707332464
405,hantsavichy,52.758,26.43,-0.59,80,100,4.86,BY,1707332464
406,la palma,33.8464,-118.0467,15.45,85,75,2.57,US,1707332464
407,strezhevoy,60.7333,77.5889,-3.91,95,100,4.02,RU,1707332464
408,muang xay,20.7,101.9833,15.99,54,0,0.92,LA,1707332464
409,leninskoye,41.7589,69.3864,5.58,81,100,4.7,KZ,1707332464
410,itupiranga,-5.1347,-49.3267,33.18,68,78,1.76,BR,1707332465
411,skowhegan,44.7651,-69.7192,5.17,71,100,0.83,US,1707332465
412,dakhla,23.6848,-15.958,23.01,56,41,5.66,EH,1707332465
413,bikenibeu village,1.3673,173.1241,28.98,89,75,4.12,KI,1707332465
414,cabo san lucas,22.8909,-109.9124,25.61,60,40,6.69,MX,1707331863
415,praia da vitoria,38.7333,-27.0667,16.14,82,75,7.22,PT,1707332172
416,mammoth lakes,37.6485,-118.9721,-0.6,56,75,5.14,US,1707332338
417,okhotsk,59.3833,143.3,-23.59,82,100,3.96,RU,1707332466
418,olinda,-8.0089,-34.8553,30.85,66,40,4.63,BR,1707332466
419,heroica caborca,30.7167,-112.15,15.47,51,31,10.52,MX,1707332195
420,lazaro cardenas,17.9583,-102.2,29.2,53,10,4.71,MX,1707332466
421,berdigestyakh,62.0989,126.6992,-37.6,100,85,1.34,RU,1707332466
422,usinsk,65.9939,57.5281,-13.29,92,100,4.47,RU,1707332467
423,ortega,3.9361,-75.2217,33.2,50,16,2.6,CO,1707332467
424,guerrero negro,27.9769,-114.0611,17.58,53,7,8.32,MX,1707332467
425,nambucca heads,-30.65,153.0,22.87,91,100,5.73,AU,1707332467
426,podporozh'ye,60.9112,34.1706,-19.99,99,80,2.76,RU,1707332467
427,mejit,10.2753,170.8646,26.81,73,100,9.97,MH,1707332468
428,arkhangel'sk,64.5401,40.5433,-23.82,75,40,0.0,RU,1707332312
429,port-gentil,-0.7193,8.7815,28.98,84,40,4.12,GA,1707332468
430,alofi,-19.0595,-169.9187,25.94,94,96,2.06,NU,1707332468
431,freetown,8.484,-13.2299,28.84,74,40,4.12,SL,1707332469
432,isla mujeres,21.2311,-86.731,25.09,50,92,3.98,MX,1707332341
433,al wafrah,28.6392,47.9306,14.52,40,0,4.26,KW,1707332469
434,sosnovo-ozerskoye,52.5249,111.5418,-21.81,100,100,2.11,RU,1707332470
435,mount isa,-20.7333,139.5,26.87,39,100,5.14,AU,1707332470
436,warmbaths,-24.8833,28.2833,26.93,28,60,3.56,ZA,1707332470
437,beidaihehaibin,39.8222,119.5181,-3.62,72,7,1.89,CN,1707332470
438,crucecita,-28.95,-58.9833,38.84,27,100,4.06,AR,1707332470
439,la passe,45.5549,-0.8967,11.66,90,100,9.52,FR,1707332470
440,mato verde,-15.3972,-42.8664,27.56,63,98,0.97,BR,1707332470
441,saint-pierre,-21.3393,55.4781,26.82,78,20,0.51,RE,1707332471
442,khangarh,29.9173,71.1618,14.04,49,0,2.04,PK,1707332471
443,lospalos,-8.5186,127.0025,22.46,93,64,1.12,TL,1707332471
444,vila franca do campo,37.7167,-25.4333,18.23,97,100,9.91,PT,1707332471
445,kyren,51.6828,102.1408,-12.81,78,55,0.89,RU,1707332472
446,ocean shores,46.9737,-124.1563,9.41,89,0,3.09,US,1707332472
447,mahibadhoo,3.7833,72.9667,27.73,76,32,9.03,MV,1707332472
448,port saint john's,-31.6229,29.5448,22.43,82,92,4.17,ZA,1707332472
449,debre werk',10.6667,38.1667,18.33,50,90,1.95,ET,1707332472
450,nanning,22.8167,108.3167,8.25,74,100,2.61,CN,1707332472
451,nishinoomote,30.7333,131.0,11.84,66,100,9.4,JP,1707332473
452,alta,69.9689,23.2717,-14.89,77,75,5.66,NO,1707332473
453,kudahuvadhoo,2.6708,72.8944,27.79,77,24,8.22,MV,1707332473
454,kalaleh,37.3807,55.4916,8.78,71,0,3.09,IR,1707332473
455,egilsstadir,65.2653,-14.3948,-6.05,86,75,3.09,IS,1707332473
456,callao,-12.0667,-77.15,30.16,48,0,7.72,PE,1707332474
457,manacapuru,-3.2997,-60.6206,31.25,63,100,0.65,BR,1707332474
458,tasqala,51.1167,50.3167,-11.06,97,89,3.27,KZ,1707332474
459,petawawa,45.9001,-77.3328,0.44,67,75,2.06,CA,1707332474
460,tindouf,27.6711,-8.1474,16.71,21,0,1.67,DZ,1707332475
461,saurimo,-9.6608,20.3916,21.84,74,60,1.14,AO,1707332475
462,massawa,15.6097,39.45,24.43,68,100,1.05,ER,1707332475
463,sinabang,2.4803,96.3801,27.0,80,100,1.12,ID,1707332475
464,debre birhan,9.6833,39.5333,14.19,62,98,2.22,ET,1707332475
465,tual,-5.6667,132.75,27.34,83,100,9.84,ID,1707332475
466,laojunmiao,39.8333,97.7333,-7.53,52,64,1.4,CN,1707332476
467,natal,-5.795,-35.2094,31.36,66,20,7.2,BR,1707332329
468,sao tome,0.3365,6.7273,27.74,80,90,1.61,ST,1707332181
469,masterton,-40.9597,175.6575,15.06,76,95,1.07,NZ,1707332476
470,toguchin,55.2353,84.3858,-11.89,96,98,2.98,RU,1707332477
471,kostyantynivka,48.5277,37.7069,7.35,74,100,8.86,UA,1707332477
472,saint croix,17.7397,-64.7388,22.39,94,100,6.77,VI,1707332481
473,asau,46.4333,26.4,9.6,72,100,6.5,RO,1707332482
474,richfield,44.8833,-93.283,9.65,62,0,6.17,US,1707332482
475,kangding,30.0513,101.9603,-2.39,78,70,0.9,CN,1707332483
476,summerside,46.3959,-63.7876,-1.29,80,48,5.14,CA,1707332483
477,abou el hassan,36.4166,1.1962,16.69,61,75,3.79,DZ,1707332484
478,khalkhal,37.6189,48.5258,-0.42,81,6,2.47,IR,1707332484
479,balkanabat,39.5108,54.3671,10.01,53,87,0.69,TM,1707332485
480,kochubey,44.3861,46.5825,6.97,70,93,4.21,RU,1707332486
481,oeiras,-7.0253,-42.1311,34.5,42,100,1.27,BR,1707332486
482,magadan,59.5667,150.8,-24.63,86,20,2.88,RU,1707332487
483,viechtach,49.0792,12.8847,8.64,95,100,4.02,DE,1707332487
484,adamovka,51.5223,59.9396,-9.71,90,100,10.8,RU,1707332488
485,sitka,57.0531,-135.33,1.57,82,13,0.19,US,1707332488
486,ulladulla,-35.35,150.4667,18.33,67,100,3.32,AU,1707332489
487,panjakent,39.4952,67.6093,5.27,54,100,4.21,TJ,1707332490
488,laguna,38.421,-121.4238,10.98,85,100,7.2,US,1707332490
489,massakory,12.996,15.7293,24.26,16,73,5.04,TD,1707332491
490,tezu,27.9167,96.1667,14.09,51,100,1.81,IN,1707332491
491,vrangel',42.7297,133.0839,-7.25,57,0,4.55,RU,1707332492
492,brumunddal,60.881,10.9395,-18.02,96,68,1.26,NO,1707332492
493,timimoun,29.2639,0.231,21.21,18,0,2.06,DZ,1707332493
494,nova xavantina,-14.6667,-52.35,33.09,49,100,1.04,BR,1707332457
495,kirkland lake,48.1446,-80.0377,1.16,93,100,1.54,CA,1707332493
496,aquin,18.2833,-73.4,25.86,57,16,3.38,HT,1707332494
497,sergeyevka,53.88,67.4158,-4.57,81,100,10.13,KZ,1707332494
498,walvis bay,-22.9575,14.5053,23.53,73,100,0.0,NA,1707332495
499,salem,11.65,78.1667,21.61,70,8,2.2,IN,1707332496
500,tucuma,-0.1833,-50.05,29.3,71,100,3.78,BR,1707332496
501,menominee,45.1078,-87.6143,5.25,81,0,2.06,US,1707332200
502,kapuskasing,49.4169,-82.4331,3.0,81,100,1.03,CA,1707332402
503,zalingei,12.9096,23.4741,21.9,21,17,2.66,SD,1707332497
504,ceres,37.5949,-120.9577,11.12,85,89,3.91,US,1707332497
505,rongelap,11.1635,166.8941,26.39,82,94,9.82,MH,1707332498
506,taoudenni,22.6783,-3.9836,22.14,11,1,4.77,ML,1707332499
507,jaguaruna,-28.615,-49.0256,27.43,76,46,5.35,BR,1707332499
508,gisborne,-38.6533,178.0042,19.48,77,47,2.57,NZ,1707332500
509,khulm,36.6974,67.6983,9.87,40,0,3.06,AF,1707332500
510,flin flon,54.7682,-101.865,-13.09,92,100,2.57,CA,1707332500
511,neustrelitz,53.3667,13.0833,1.06,85,100,2.54,DE,1707332501
512,belle fourche,44.6714,-103.8522,14.72,76,66,2.63,US,1707332501
513,tokar,18.4254,37.729,23.01,60,12,2.59,SD,1707332406
514,carnarvon,-24.8667,113.6333,26.06,61,0,2.14,AU,1707332506
515,lata,40.1629,-8.3327,16.01,85,100,2.36,PT,1707332506
516,ketchikan,55.3422,-131.6461,2.99,70,56,2.33,US,1707332506
517,betio village,1.358,172.9211,29.02,78,75,7.82,KI,1707332506
518,bykovo,55.6361,38.0803,-4.08,94,100,4.0,RU,1707332506
519,ambovombe,-25.1667,46.0833,21.27,88,89,2.25,MG,1707332506
520,kankan,10.3854,-9.3057,30.26,14,7,2.32,GN,1707332507
521,semenyih,2.9516,101.843,26.88,94,93,1.43,MY,1707332507
522,greymouth,-42.4667,171.2,16.67,97,100,2.06,NZ,1707332507
523,mo i rana,66.3128,14.1428,-8.15,87,75,1.03,NO,1707332507
524,remire-montjoly,4.9167,-52.2667,31.02,66,75,7.2,GF,1707332507
525,soata,6.3337,-72.6828,23.53,67,76,1.32,CO,1707332507
526,thongwa,16.7619,96.5278,24.09,58,0,2.43,MM,1707332507
527,zavodskoy,43.4597,132.2922,-19.23,71,2,0.0,RU,1707332507
528,cidreira,-30.1811,-50.2056,25.14,78,72,5.97,BR,1707332508
529,levuka,50.1834,-105.4011,0.9,97,100,5.79,CA,1707332508
530,darovskoy,58.77,47.9564,-15.07,97,100,1.88,RU,1707332508
531,ponta delgada,37.7333,-25.6667,18.4,94,75,13.38,PT,1707332508
532,laytown,53.6819,-6.2392,5.0,69,100,2.56,IE,1707332508
533,mugia,43.1041,-9.2179,16.06,89,100,13.78,ES,1707332508
534,key west,24.5557,-81.7826,21.0,69,0,7.2,US,1707332306
535,naukot,24.8587,69.4024,19.86,29,100,4.49,PK,1707332508
536,san carlos del zulia,9.0,-71.9135,29.42,66,100,5.01,VE,1707332508
537,dalai,45.5,124.3,-17.67,92,5,1.78,CN,1707332508
538,kem',64.9555,34.5793,-26.74,100,65,1.46,RU,1707332508
539,corner brook,48.9667,-57.9484,-1.91,87,20,1.74,CA,1707332508
540,ugoofaaru,5.6667,73.0,27.38,73,33,4.86,MV,1707332509
541,el granada,37.5027,-122.4694,10.47,92,100,8.75,US,1707332509
542,la jolla,32.8473,-117.2742,14.26,89,100,5.36,US,1707332258
543,puerto colombia,10.9878,-74.9547,26.05,70,19,6.04,CO,1707332509
544,pandan,14.0453,124.1694,23.91,85,38,2.08,PH,1707332509
545,altai,46.3722,96.2583,-18.69,75,1,0.91,MN,1707332509
546,beledweyne,4.7358,45.2036,29.9,50,2,8.1,SO,1707332509
547,pemangkat,1.1667,108.9667,24.88,92,15,2.04,ID,1707332509
548,saipan,15.1355,145.701,25.54,66,100,6.94,MP,1707332509
549,pleasanton,37.6624,-121.8747,9.8,90,100,0.45,US,1707332509
550,smara,26.7384,-11.6719,23.11,12,0,2.83,EH,1707332510
551,pangody,65.85,74.4859,-2.81,94,100,5.97,RU,1707332510
552,haiku-pauwela,20.9219,-156.3051,22.8,76,32,5.36,US,1707332510
553,chipiona,36.7366,-6.437,15.12,88,0,2.57,ES,1707332510
554,wanning,18.8003,110.3967,22.59,91,97,1.25,CN,1707332510
555,urengoy,65.9667,78.3667,-3.64,95,100,4.64,RU,1707332510
556,midvagur,62.0511,-7.1939,1.46,55,75,6.17,FO,1707332510
557,phalaborwa,-23.943,31.1411,32.6,45,5,2.09,ZA,1707332510
558,hun,29.1268,15.9477,15.34,27,1,0.81,LY,1707332510
559,keetmanshoop,-26.5833,18.1333,29.51,21,67,2.57,NA,1707332510
560,hopewell,37.3043,-77.2872,12.42,40,3,2.88,US,1707332510
561,homer,59.6425,-151.5483,1.13,88,100,2.24,US,1707332508
562,itacoatiara,-3.1431,-58.4442,32.6,51,100,1.24,BR,1707332511
563,tres lagoas,-20.7511,-51.6783,26.03,68,100,3.41,BR,1707332511
564,ziro,27.6333,93.8333,2.71,94,99,0.74,IN,1707332511
565,toliara,-23.35,43.6667,26.12,80,17,1.23,MG,1707332512
566,bakani,24.2833,76.2333,16.78,36,100,4.17,IN,1707332512
567,gulf breeze,30.3571,-87.1639,20.13,54,0,7.2,US,1707332249
568,mata-utu,-13.2816,-176.1745,26.17,83,100,3.48,WF,1707332512
569,portage la prairie,49.9728,-98.2926,1.17,89,100,4.63,CA,1707332512
570,verdal,63.7933,11.4817,-13.98,84,98,2.55,NO,1707332512
571,inirida,3.8653,-67.9239,33.73,52,34,0.92,CO,1707332438
572,tsiombe,-25.3,45.4833,22.51,94,7,2.4,MG,1707332512
573,portland,45.5234,-122.6762,8.94,92,75,0.45,US,1707331956
574,bom jesus,-9.0744,-44.3586,31.25,52,100,1.46,BR,1707332512
575,tobelo,1.7284,128.0095,25.6,85,62,2.19,ID,1707332512
576,mersa matruh,31.3525,27.2453,15.11,77,0,1.54,EG,1707332513
577,buba,11.5833,-15.0,30.05,43,82,4.0,GW,1707332513
578,impfondo,1.6381,18.0667,27.54,35,100,1.27,CG,1707332513
579,raja,8.4596,25.678,23.38,20,100,1.79,SS,1707332513
580,chardara,41.2547,67.9692,8.88,72,100,1.13,KZ,1707332513
581,teguise,29.0605,-13.564,18.12,64,0,1.03,ES,1707332513
582,gurun,5.8172,100.4738,25.88,91,21,1.76,MY,1707332513
583,carauari,-4.8828,-66.8958,28.54,86,100,0.55,BR,1707332513
584,zaozersk,69.4005,32.4476,-25.37,99,89,2.27,RU,1707332513
585,castillos,-34.1667,-53.8333,30.41,47,33,6.07,UY,1707332513
